id,media_type,title,date,popularity,vote_average,vote_count,original_language,origin_country_code,genres
969681,movie,Spider-Man: Brand New Day,2026-07-29,1006.0211,7.9,1717,en,,Science Fiction; Action; Adventure
1368337,movie,The Odyssey,2026-07-15,817.7806,7.997,2736,en,,Adventure; Action; Fantasy
1284041,movie,The Last House,2026-08-06,375.692,6.924,613,en,,Horror; Science Fiction; Thriller
1315772,movie,Minions & Monsters,2026-06-24,332.7628,7.297,553,en,,Adventure; Animation; Comedy; Family; Fantasy
1375646,movie,Colony,2026-05-21,298.044,8.121,485,ko,,Action; Horror; Science Fiction
1084244,movie,Toy Story 5,2026-06-17,259.2934,7.41,821,en,,Animation; Family; Comedy; Adventure
1339713,movie,Obsession,2026-05-13,248.3267,8.227,4645,en,,Horror; Thriller
1284465,movie,The Death of Robin Hood,2026-06-18,246.4583,6.309,209,en,,Adventure; Drama; Action
291496,tv,Our Sticky Love,2026-08-07,227.4986,8.3,35,ko,KR,Drama; Comedy
1212763,movie,Evil Dead Burn,2026-07-07,226.54,7.919,1037,en,,Horror
1275779,movie,Disclosure Day,2026-06-10,208.6595,7.448,2737,en,,Science Fiction; Thriller
1081003,movie,Supergirl,2026-06-24,204.0723,6.739,1827,en,,Action; Adventure; Science Fiction
1108427,movie,Moana,2026-07-08,202.781,6.0,193,en,,Family; Fantasy; Comedy; Adventure
1307118,movie,Soulm8te,2026-07-31,157.3511,6.444,98,en,,Horror; Science Fiction; Thriller
1273221,movie,Scary Movie,2026-06-03,154.3927,6.461,1611,en,,Comedy
1083381,movie,Backrooms,2026-05-27,152.346,7.103,2742,en,,Horror; Mystery; Science Fiction
1481343,movie,The Devil's Mouth,2026-07-29,150.0581,6.568,599,en,,Horror; Thriller
1101383,movie,The End of Oak Street,2026-08-12,133.9196,6.93,86,en,,Science Fiction; Mystery; Thriller
687163,movie,Project Hail Mary,2026-03-15,133.8338,8.7,7029,en,,Science Fiction; Adventure
980431,movie,Avatar Aang: The Last Airbender,2026-07-24,131.3887,9.266,845,en,,Animation; Action; Adventure; Fantasy
1698863,movie,The Odyssey,2026-07-03,129.6689,6.4,17,en,,Adventure; Fantasy; Action
1594914,movie,Lucky Strike,2026-06-26,127.6131,7.411,28,en,,Action; War
1564614,movie,Leviticus,2026-06-17,117.0782,6.814,304,en,,Horror; Romance
454639,movie,Masters of the Universe,2026-06-03,115.9062,7.195,1788,en,,Action; Fantasy; Science Fiction
950028,movie,The Invite,2026-06-25,111.0871,7.4,200,en,,Comedy; Drama; Romance
278624,tv,Lucky,2026-07-14,104.7681,7.359,138,en,US,Drama; Crime
1630409,movie,The Debt Collector,2026-07-20,96.6392,7.871,94,th,,Action; Thriller; Crime
1727780,movie,Borderline,2026-07-17,96.218,5.885,13,en,,Thriller
1314481,movie,The Devil Wears Prada 2,2026-04-29,93.5484,7.085,2055,en,,Comedy; Drama
1523145,movie,Your Heart Will Be Broken,2026-03-26,91.6086,7.1,120,ru,,Romance
1280738,movie,The Furious,2026-06-10,91.48,7.895,454,zh,,Action; Crime; Thriller
1323244,movie,Rage of Stars,2026-08-06,89.8268,4.0,1,en,,Action; Science Fiction; Thriller
936075,movie,Michael,2026-04-22,89.6242,8.683,4000,en,,Music; Drama
283297,tv,Sterling Point,2026-08-05,86.8832,7.894,52,en,US,Mystery; Drama
1698856,movie,Master of the Universe,2026-05-22,86.8495,5.015,68,en,,Science Fiction; Action; Fantasy
1404304,movie,The Isolate Thief,2026-07-10,84.3741,7.406,16,en,,Western; Action; Drama
1510795,movie,"Shake, Rattle & Roll: Evil Origins",2026-06-05,83.1315,4.0,5,tl,,Horror
273240,tv,Off Campus,2026-05-13,82.116,8.915,783,en,US,Drama
1612018,movie,Jackass: Best and Last,2026-06-25,81.3611,7.639,119,en,,Action; Comedy; Documentary
1127384,movie,Deep Water,2026-04-30,80.0654,7.1,387,en,,Horror; Thriller
1668364,movie,Desire,2026-05-07,77.7162,6.774,219,es,,Mystery; Drama
931285,movie,Mortal Kombat II,2026-05-06,77.299,7.883,2357,en,,Action; Fantasy; Adventure
299167,tv,Dutton Ranch,2026-05-15,75.601,9.17,526,en,US,Western; Drama
289139,tv,Overdo,2026-07-19,74.818,8.5,11,zh,CN,Drama
1439930,movie,The Punisher: One Last Kill,2026-05-12,73.2371,8.294,2063,en,,Action; Drama; Crime
298168,tv,The Shards,2026-08-05,71.9449,7.636,22,en,US,Drama; Mystery
1226863,movie,The Super Mario Galaxy Movie,2026-04-01,71.3057,8.246,3433,en,,Family; Comedy; Adventure; Fantasy; Animation
1228710,movie,The Mandalorian and Grogu,2026-05-20,71.1442,7.49,1243,en,,Action; Adventure; Science Fiction
276161,tv,Teach You a Lesson,2026-06-05,69.3587,9.419,798,ko,KR,Action & Adventure; Drama; Comedy
1263532,movie,Beast Race,2026-03-17,66.2682,6.192,65,pt,,Action; Science Fiction; Thriller
317883,tv,Torn Apart,2026-05-31,63.8047,7.0,10,tr,TR,Drama; Comedy
284753,tv,Operation Safed Sagar: The Untold Story of the Kargil War,2026-08-07,62.9847,5.5,4,hi,IN,Drama
1656061,movie,Immortal Combat,2026-04-24,62.8725,4.7,19,en,,Action; Science Fiction; Adventure
1327819,movie,Hoppers,2026-03-04,61.4437,8.177,2172,en,,Adventure; Animation; Comedy; Family; Science Fiction
287620,tv,Stuart Fails to Save the Universe,2026-07-23,59.2196,9.1,98,en,US,Comedy; Sci-Fi & Fantasy
1728704,movie,Siping,2026-07-10,56.8829,4.6,4,tl,,Drama
296206,tv,Agent Kim Reactivated,2026-06-26,56.4955,8.232,112,ko,KR,Action & Adventure; Crime; Drama
1432631,movie,Idhayam Murali,2026-07-10,56.1552,7.333,6,ta,,Romance; Comedy; Drama
1007757,movie,Swapped,2026-05-01,55.0688,8.9,2098,en,,Adventure; Animation; Family; Fantasy
287238,tv,Furious,2026-07-27,54.3295,6.8,42,en,US,Drama; Crime
1487864,movie,Nando Between Two Worlds - A Sintonia Film,2026-08-12,54.0638,3.3,7,pt,,Drama; Thriller; Crime
1304313,movie,Lee Cronin's The Mummy,2026-04-15,53.6842,7.918,2492,en,,Horror; Mystery
296756,tv,President Curtis,2026-07-26,52.7572,5.7,26,en,US,Animation; Comedy
949838,movie,72 HOURS,2026-07-20,51.8841,6.845,330,en,,Comedy; Crime
289116,tv,Genius Girlfriend,2026-08-02,51.2818,9.0,2,zh,CN,Drama
1391021,movie,Once Upon a Time in the Middle East,2026-08-08,50.2664,9.0,9,zh,,Drama; War
289324,tv,Star Wars: Visions Presents - The Ninth Jedi,2026-08-05,49.4329,7.4,18,ja,JP,Animation; Sci-Fi & Fantasy; Action & Adventure
298610,tv,Spooky in Love,2026-07-18,49.1569,8.196,28,ko,KR,Comedy; Sci-Fi & Fantasy; Drama
314402,tv,"Crazy Love, Moo-Moo!",2026-05-09,49.0889,7.8,8,th,TH,Drama
312949,tv,Chainsmoker Cat,2026-07-03,48.6987,8.48,49,ja,JP,Animation; Comedy; Sci-Fi & Fantasy
301412,tv,Dream to You,2026-07-13,48.4155,9.5,7,ko,KR,Drama; Comedy
300480,tv,Ricky Gervais Alley Cats,2026-08-07,46.6725,7.3,27,en,GB,Animation; Comedy
1308767,movie,Young Washington,2026-07-02,46.5997,7.809,55,en,,History; War; Drama
241372,tv,56 Days,2026-02-18,46.157,7.307,212,en,US,Drama; Crime; Mystery
1497463,movie,All That We Never Were,2026-06-04,44.9465,7.9,64,es,,Drama; Romance
271016,tv,Mystic Nine,2026-07-30,44.9283,6.8,6,zh,CN,Drama; Action & Adventure
1325734,movie,The Drama,2026-04-01,44.6851,6.908,1557,en,,Romance; Comedy; Drama
1382832,movie,Hungry,2026-06-03,44.4994,7.167,224,en,,Thriller; Horror
315038,tv,Resort,2026-03-13,44.354,0.0,0,ta,IN,Drama
1430698,movie,The Bay,2026-07-02,44.2546,5.795,22,en,,Thriller; Horror
1307247,movie,OK! Madam: Bon Voyage,2026-08-12,44.1545,0.0,0,ko,,Action; Comedy
1122573,movie,In the Grey,2026-05-13,43.5607,7.555,702,en,,Action; Thriller
1487861,movie,Elize: Shadows of a Woman,2026-07-22,43.3554,7.5,165,pt,,Thriller; Crime; Drama
290856,tv,Marshals,2026-03-01,42.9916,7.936,346,en,US,Drama; Crime; Action & Adventure
277439,tv,Cape Fear,2026-06-04,42.4395,7.162,142,en,US,Crime; Drama
1413976,movie,Citizen Vigilante,2026-06-19,42.4101,6.3,311,en,,Thriller; Action; Crime
297826,tv,Tomb Raider King,2026-07-08,42.0611,8.0,14,ko,KR,Animation; Action & Adventure; Sci-Fi & Fantasy
220102,tv,Spider-Noir,2026-05-25,41.9845,8.362,778,en,US,Drama; Mystery; Crime
1318447,movie,Apex,2026-04-24,41.8948,6.892,1799,en,,Action; Thriller
278178,tv,I Will Find You,2026-06-18,41.7327,8.265,419,en,US,Drama; Mystery; Crime
1477712,movie,Ice Cream Man,2026-08-03,40.9143,5.1,39,en,,Horror
322430,tv,The Polygamist,2026-06-12,40.8706,8.908,180,zu,ZA,Drama; Soap
1479832,movie,DC,2026-08-07,40.7787,7.909,11,ta,,Romance; Action; Drama
1301421,movie,The Sheep Detectives,2026-04-30,40.6264,7.929,1408,en,,Comedy; Family; Mystery
1318621,movie,Descendants: Wicked Wonderland,2026-07-16,39.9566,7.5,149,en,,TV Movie; Family; Fantasy; Adventure
1469342,movie,Her Private Hell,2026-07-23,39.6161,5.1,44,en,,Science Fiction; Horror; Thriller
287496,tv,The Road to Splendor,2026-08-09,38.6536,9.0,2,zh,CN,Drama
1723013,movie,Hibla 2,2026-06-30,38.4811,3.0,1,tl,,Drama
270603,tv,The Exiled Heavy Knight Knows How to Game the System,2026-07-03,37.9304,8.5,16,ja,JP,Animation; Action & Adventure; Sci-Fi & Fantasy
1669051,movie,Kesong Puti,2026-04-24,37.8634,3.8,4,tl,,Drama
296140,tv,"My Bias, My Boss",2026-08-03,37.769,6.7,3,ko,KR,Comedy; Drama
1679730,movie,THE RIBBON HERO,2026-08-07,37.1848,7.2,13,ja,,Animation; Fantasy; Drama; Action
1740877,movie,Storm on Sesame Street,2026-08-03,36.8128,7.0,1,en,,Family; Animation
270476,tv,Widow's Bay,2026-04-28,35.8376,8.1,381,en,US,Drama; Comedy; Mystery
1380291,movie,Tom Clancy's Jack Ryan: Ghost War,2026-05-20,35.7832,7.0,730,en,,Action; Thriller
1598766,movie,Crayon Shin-chan the Movie: Very Bizarre! My Yokai Vacation,2026-07-31,35.5493,0.0,0,ja,,Adventure; Animation; Comedy
316540,tv,Bittersweet Love,2026-07-03,35.5326,10.0,2,zh,CN,Drama
1305781,movie,Blades of the Guardians,2026-02-17,35.4466,8.1,190,zh,,Action; Adventure
260463,tv,Daemons of the Shadow Realm,2026-04-04,35.1959,8.602,59,ja,JP,Animation; Action & Adventure; Sci-Fi & Fantasy
291350,tv,Anna Pigeon,2026-08-07,34.6779,5.6,7,en,CA,Drama; Mystery; Crime
319037,tv,A Winter Sun Wakes the Wind in Spring Hills' Dream,2026-06-12,34.5896,9.0,2,zh,CN,Drama
1185806,movie,PAW Patrol: The Dino Movie,2026-07-23,32.8773,7.4,24,en,,Adventure; Animation; Comedy; Family
240740,tv,Scarpetta,2026-03-11,32.7856,6.5,131,en,US,Drama; Crime; Mystery
1288341,movie,Seven Snipers,2026-04-30,32.2121,6.071,112,en,,Action; Thriller
1491920,movie,Kung Fu Soccer,2026-07-11,32.103,5.85,20,zh,,Drama; Comedy; Action
295778,tv,Scrubs,2026-02-25,31.46,7.789,97,en,US,Comedy
279388,tv,Pursuit of Jade,2026-03-06,31.3111,8.038,79,zh,CN,Drama
296437,tv,The Frontier Lord Begins with Zero Subjects,2026-07-10,31.3,6.688,8,ja,JP,Comedy; Animation; Action & Adventure; Sci-Fi & Fantasy
286345,tv,Though I Am an Inept Villainess,2026-07-12,31.2905,7.375,4,ja,JP,Animation; Drama; Sci-Fi & Fantasy
309974,tv,Love Unseen Beneath the Clear Night Sky,2026-07-06,31.2332,7.5,8,ja,JP,Animation; Drama
1159559,movie,Scream 7,2026-02-25,30.8384,6.234,1214,en,,Horror; Mystery; Crime
241882,tv,Ride or Die,2026-07-15,30.4516,6.448,86,en,US,Action & Adventure
296286,tv,Smoking Behind the Supermarket with You,2026-07-09,30.3618,8.903,36,ja,JP,Animation; Comedy
303493,tv,Knot,2026-06-30,30.3492,7.4,7,th,TH,Drama; Sci-Fi & Fantasy; Action & Adventure
327814,tv,Final Project,2026-07-29,30.0063,8.1,17,es,MX,Drama
285993,tv,BLACK TORCH,2026-07-04,29.9546,8.396,24,ja,JP,Animation; Mystery; Action & Adventure; Sci-Fi & Fantasy
298994,tv,The Villager of Level 999,2026-07-02,29.2414,6.45,10,ja,JP,Animation; Action & Adventure; Sci-Fi & Fantasy
1305672,movie,I Know Who You Are,2026-06-19,29.1155,6.333,6,zh,,History; Drama
1613798,movie,Vengeance,2026-02-26,28.9982,7.483,292,es,,Action; Thriller
260592,tv,Every Year After,2026-06-10,28.9058,8.345,87,en,US,Drama
286709,tv,The Westies,2026-07-12,28.8984,6.952,21,en,US,Drama; Crime
299188,tv,Jogada de Risco,2026-07-23,28.8675,0.0,0,pt,BR,Drama
322055,tv,The Prosecutor's Proposal,2026-06-25,28.6667,6.333,21,ko,KR,Mystery; Crime; Drama
255661,tv,Young Sherlock,2026-03-04,28.5847,7.8,290,en,GB,Action & Adventure; Mystery
1235877,movie,Jana Nayagan,2026-07-22,28.5585,5.5,14,ta,,Action; Drama
1368314,movie,Passenger,2026-05-20,28.5112,7.296,737,en,,Horror; Thriller
153217,tv,Sparks of Tomorrow,2026-07-05,28.2014,8.6,7,ja,JP,Animation; Drama; Sci-Fi & Fantasy
295599,tv,Royal Betrothal,2026-07-28,28.1236,7.8,5,zh,CN,Drama
294095,tv,A Bona Fide Killer,2026-07-31,27.9212,8.0,4,ko,KR,Drama; Action & Adventure; Mystery; Crime
308014,tv,Berlin and the Lady with an Ermine,2026-05-15,27.7601,8.1,205,es,ES,Drama; Crime; Action & Adventure
281281,tv,Elite Force,2026-07-22,27.6383,7.761,67,fr,FR,Action & Adventure; Crime; Drama
1266127,movie,Ready or Not: Here I Come,2026-03-19,27.4715,7.591,1469,en,,Horror; Comedy
255358,tv,THE GHOST IN THE SHELL,2026-07-07,27.4216,8.4,36,ja,JP,Animation; Action & Adventure; Sci-Fi & Fantasy
1417285,movie,The Stain,2026-02-26,27.3276,4.0,2,th,,Horror; Thriller; Romance
1381027,movie,Good Boy,2026-03-06,27.2481,7.165,212,en,,Thriller; Drama; Mystery
1430077,movie,Hokum,2026-04-29,26.9748,6.9,721,en,,Horror
314554,tv,From Overshadowed to Overpowered: Second Reincarnation of a Talentless Sage,2026-07-02,26.9701,5.0,4,ja,JP,Animation; Action & Adventure; Sci-Fi & Fantasy
300954,tv,The Husband,2026-07-04,26.922,7.6,12,ko,KR,Crime; Drama; Mystery
1408170,movie,Lenin,2026-07-10,26.588,6.4,5,te,,Action; Drama; Romance
1363387,movie,Saccharine,2026-05-22,26.459,6.784,118,en,,Horror
1631506,movie,The Hanged Woman,2026-04-22,26.4075,5.756,41,es,,Horror
254420,tv,Elle,2026-07-01,26.3283,7.866,86,en,CA,Comedy; Drama
1632181,movie,Accidental Partners,2026-03-12,25.9641,8.905,349,es,,Comedy; Romance
1541560,movie,Stop! That! Train!,2026-06-12,25.7781,5.3,41,en,,Action; Comedy
614945,movie,Voicemails for Isabelle,2026-06-20,25.6581,8.3,778,en,,Romance; Comedy; Drama
300727,tv,The Apartment Job,2026-07-11,25.5946,8.706,17,ko,KR,Drama; Comedy; Crime
302051,tv,I Became a Legend After My 10 Year-Long Last Stand,2026-07-06,25.5241,6.5,6,ja,JP,Animation; Sci-Fi & Fantasy; Action & Adventure
329394,tv,My Daughter's Father,2026-07-22,25.4634,9.011,44,es,MX,Drama
280564,tv,False Memory,2026-08-02,25.4585,7.5,1,zh,CN,Animation; Action & Adventure
312849,tv,Rich Girl Caretaker: I'm Secretly the Caregiver of the Most Popular Girl in This Rich Kid School,2026-07-05,25.4107,9.0,6,ja,JP,Animation; Comedy
1279493,movie,The Get Out,2026-06-18,25.1369,6.3,54,en,,Action; Thriller
302074,tv,R.J. Decker,2026-03-03,25.0985,7.583,48,en,US,Drama; Comedy; Crime; Mystery
1202033,movie,Enola Holmes 3,2026-06-30,24.9207,6.843,596,en,,Adventure; Crime; Mystery
259837,tv,The WONDERfools,2026-05-15,24.9189,8.88,245,ko,KR,Action & Adventure; Comedy; Sci-Fi & Fantasy; Drama
1240889,movie,Teenage Sex and Death at Camp Miasma,2026-08-06,24.6526,7.471,17,en,,Comedy; Horror; Romance
245318,tv,Margo's Got Money Troubles,2026-04-14,24.5979,7.961,179,en,US,Drama; Comedy
313101,tv,Musafir Cafe,2026-07-24,24.5015,7.2,10,hi,IN,Drama
1390300,movie,Over Your Dead Body,2026-03-14,24.3707,6.44,523,en,,Action; Comedy; Thriller
278573,tv,Perfect Crown,2026-04-10,24.237,9.1,194,ko,KR,Comedy; Drama
1433367,movie,One Night Only,2026-07-28,24.1343,6.846,26,en,,Comedy; Romance
1292415,movie,Beast,2026-04-10,24.0457,6.337,89,en,,Action; Drama
1716513,movie,Extreme Makeover: Homer Edition,2026-06-17,23.9125,7.19,63,en,,Animation; Comedy; Family
288971,tv,Jaadugar: A Witch in Mongolia,2026-07-04,23.5648,8.05,10,ja,JP,Animation; Drama; War & Politics
1084187,movie,Pretty Lethal,2026-03-13,23.5173,6.764,476,en,,Action; Thriller; Horror
286360,tv,Notes from the Last Row,2026-06-26,23.2545,7.857,42,ko,KR,Mystery; Drama
328150,tv,Love Algorithm,2026-07-15,22.9815,8.0,1,zh,MY,Drama
297438,tv,Akane-banashi,2026-04-04,22.605,8.0,26,ja,JP,Animation; Drama
243206,tv,Pritam and Pedro,2026-07-03,22.5246,8.357,14,hi,IN,Crime; Drama; Mystery; Comedy
279323,tv,The East Palace,2026-07-17,22.3814,8.225,71,ko,KR,Mystery; Action & Adventure; Sci-Fi & Fantasy; Drama
325052,tv,KAMUI: He's Behind You,2026-07-04,22.2854,9.0,2,ja,JP,Animation; Comedy
292533,tv,Wrath,2026-07-29,22.2797,8.0,10,pt,BR,Crime; Drama
279471,tv,Malcolm in the Middle: Life's Still Unfair,2026-04-10,22.1927,8.031,387,en,US,Comedy; Drama
283428,tv,The Ramparts of Ice,2026-04-02,22.1607,8.469,48,ja,JP,Animation; Drama
284725,tv,Not Suitable for Work,2026-06-02,21.961,6.46,63,en,US,Comedy
1595852,movie,Boulevard,2026-04-10,21.8838,7.479,166,es,,Romance; Drama
286506,tv,Blossoms of Power,2026-07-09,21.4375,8.0,3,zh,CN,Drama
316830,tv,Seeking Persephone,2026-03-01,21.4244,9.0,14,en,US,Drama
322499,tv,Possible Love,2026-06-18,20.9997,5.5,2,tr,TR,Comedy
301944,tv,Marriage Toxin,2026-04-07,20.9979,7.478,46,ja,JP,Animation; Action & Adventure; Comedy
289560,tv,CIA,2026-02-23,20.6549,8.632,117,en,US,Crime; Drama
256695,tv,Regular Show: The Lost Tapes,2026-05-11,20.5502,9.6,106,en,US,Animation; Comedy; Action & Adventure; Sci-Fi & Fantasy
300126,tv,LIAR GAME,2026-04-07,20.343,7.063,16,ja,JP,Animation; Drama
224941,tv,The Boroughs,2026-05-21,20.2923,7.285,244,en,US,Sci-Fi & Fantasy; Mystery
312266,tv,Hanaori-san Still Wants to Fight in the Next Life,2026-07-12,20.0444,7.0,6,ja,JP,Animation; Comedy; Sci-Fi & Fantasy
320516,tv,Ask Yarası,2026-03-30,19.837,0.0,0,ar,TR,Drama; Soap
287976,tv,Summer '36,2026-05-18,19.53,6.3,27,fr,FR,Drama
224263,tv,Stranger Things: Tales from '85,2026-04-23,19.516,7.6,97,en,US,Animation; Sci-Fi & Fantasy; Mystery; Action & Adventure
295071,tv,"Goodbye, Lara",2026-07-06,19.2745,9.0,7,ja,JP,Animation; Drama; Sci-Fi & Fantasy
285404,tv,Maximum Pleasure Guaranteed,2026-05-19,18.9907,6.625,64,en,US,Comedy
252107,tv,Star City,2026-05-28,18.8333,7.757,70,en,US,Drama; Sci-Fi & Fantasy; War & Politics
