id,media_type,title,date,popularity,vote_average,vote_count,original_language,origin_country_code,genres,genre
969681,movie,Spider-Man: Brand New Day,2026-07-29,1819.537,7.891,2018,en,,Science Fiction; Action; Adventure,Science Fiction
969681,movie,Spider-Man: Brand New Day,2026-07-29,1819.537,7.891,2018,en,,Science Fiction; Action; Adventure,Action
969681,movie,Spider-Man: Brand New Day,2026-07-29,1819.537,7.891,2018,en,,Science Fiction; Action; Adventure,Adventure
1368337,movie,The Odyssey,2026-07-15,684.2902,7.989,3036,en,,Adventure; Action; Fantasy,Adventure
1368337,movie,The Odyssey,2026-07-15,684.2902,7.989,3036,en,,Adventure; Action; Fantasy,Action
1368337,movie,The Odyssey,2026-07-15,684.2902,7.989,3036,en,,Adventure; Action; Fantasy,Fantasy
1323244,movie,Rage of Stars,2026-08-06,375.8889,5.0,10,en,,Action; Science Fiction; Thriller,Action
1323244,movie,Rage of Stars,2026-08-06,375.8889,5.0,10,en,,Action; Science Fiction; Thriller,Science Fiction
1323244,movie,Rage of Stars,2026-08-06,375.8889,5.0,10,en,,Action; Science Fiction; Thriller,Thriller
1084244,movie,Toy Story 5,2026-06-17,373.2636,8.029,1301,en,,Animation; Family; Comedy; Adventure,Animation
1084244,movie,Toy Story 5,2026-06-17,373.2636,8.029,1301,en,,Animation; Family; Comedy; Adventure,Family
1084244,movie,Toy Story 5,2026-06-17,373.2636,8.029,1301,en,,Animation; Family; Comedy; Adventure,Comedy
1084244,movie,Toy Story 5,2026-06-17,373.2636,8.029,1301,en,,Animation; Family; Comedy; Adventure,Adventure
1375646,movie,Colony,2026-05-21,282.3326,8.091,568,ko,,Action; Horror; Science Fiction,Action
1375646,movie,Colony,2026-05-21,282.3326,8.091,568,ko,,Action; Horror; Science Fiction,Horror
1375646,movie,Colony,2026-05-21,282.3326,8.091,568,ko,,Action; Horror; Science Fiction,Science Fiction
95350,tv,Lanterns,2026-08-16,271.8148,8.1,130,en,US,Drama; Mystery; Sci-Fi & Fantasy,Drama
95350,tv,Lanterns,2026-08-16,271.8148,8.1,130,en,US,Drama; Mystery; Sci-Fi & Fantasy,Mystery
95350,tv,Lanterns,2026-08-16,271.8148,8.1,130,en,US,Drama; Mystery; Sci-Fi & Fantasy,Sci-Fi & Fantasy
1315772,movie,Minions & Monsters,2026-06-24,251.4252,7.499,778,en,,Adventure; Animation; Comedy; Family; Fantasy,Adventure
1315772,movie,Minions & Monsters,2026-06-24,251.4252,7.499,778,en,,Adventure; Animation; Comedy; Family; Fantasy,Animation
1315772,movie,Minions & Monsters,2026-06-24,251.4252,7.499,778,en,,Adventure; Animation; Comedy; Family; Fantasy,Comedy
1315772,movie,Minions & Monsters,2026-06-24,251.4252,7.499,778,en,,Adventure; Animation; Comedy; Family; Fantasy,Family
1315772,movie,Minions & Monsters,2026-06-24,251.4252,7.499,778,en,,Adventure; Animation; Comedy; Family; Fantasy,Fantasy
1339713,movie,Obsession,2026-05-13,235.136,8.2,4896,en,,Horror; Thriller,Horror
1339713,movie,Obsession,2026-05-13,235.136,8.2,4896,en,,Horror; Thriller,Thriller
1288445,movie,Mutiny,2026-08-19,229.9234,6.737,59,en,,Action; Thriller,Action
1288445,movie,Mutiny,2026-08-19,229.9234,6.737,59,en,,Action; Thriller,Thriller
1108427,movie,Moana,2026-07-08,209.9615,6.088,217,en,,Family; Fantasy; Comedy; Adventure,Family
1108427,movie,Moana,2026-07-08,209.9615,6.088,217,en,,Family; Fantasy; Comedy; Adventure,Fantasy
1108427,movie,Moana,2026-07-08,209.9615,6.088,217,en,,Family; Fantasy; Comedy; Adventure,Comedy
1108427,movie,Moana,2026-07-08,209.9615,6.088,217,en,,Family; Fantasy; Comedy; Adventure,Adventure
1284041,movie,The Last House,2026-08-06,196.9512,6.89,942,en,,Horror; Science Fiction; Thriller,Horror
1284041,movie,The Last House,2026-08-06,196.9512,6.89,942,en,,Horror; Science Fiction; Thriller,Science Fiction
1284041,movie,The Last House,2026-08-06,196.9512,6.89,942,en,,Horror; Science Fiction; Thriller,Thriller
1284465,movie,The Death of Robin Hood,2026-06-18,190.2787,6.3,237,en,,Adventure; Drama; Action,Adventure
1284465,movie,The Death of Robin Hood,2026-06-18,190.2787,6.3,237,en,,Adventure; Drama; Action,Drama
1284465,movie,The Death of Robin Hood,2026-06-18,190.2787,6.3,237,en,,Adventure; Drama; Action,Action
1101383,movie,The End of Oak Street,2026-08-12,183.4236,6.4,296,en,,Science Fiction; Mystery; Thriller,Science Fiction
1101383,movie,The End of Oak Street,2026-08-12,183.4236,6.4,296,en,,Science Fiction; Mystery; Thriller,Mystery
1101383,movie,The End of Oak Street,2026-08-12,183.4236,6.4,296,en,,Science Fiction; Mystery; Thriller,Thriller
1275779,movie,Disclosure Day,2026-06-10,160.9101,7.5,2929,en,,Science Fiction; Thriller,Science Fiction
1275779,movie,Disclosure Day,2026-06-10,160.9101,7.5,2929,en,,Science Fiction; Thriller,Thriller
1212763,movie,Evil Dead Burn,2026-07-07,149.3819,7.856,1207,en,,Horror,Horror
291856,tv,Forging Justice,2026-08-10,138.4612,8.0,3,zh,CN,Drama,Drama
278624,tv,Lucky,2026-07-14,130.7669,7.2,188,en,US,Drama; Crime,Drama
278624,tv,Lucky,2026-07-14,130.7669,7.2,188,en,US,Drama; Crime,Crime
1083381,movie,Backrooms,2026-05-27,129.2423,7.098,2881,en,,Horror; Mystery; Science Fiction,Horror
1083381,movie,Backrooms,2026-05-27,129.2423,7.098,2881,en,,Horror; Mystery; Science Fiction,Mystery
1083381,movie,Backrooms,2026-05-27,129.2423,7.098,2881,en,,Horror; Mystery; Science Fiction,Science Fiction
1081003,movie,Supergirl,2026-06-24,125.9382,6.752,1979,en,,Action; Adventure; Science Fiction,Action
1081003,movie,Supergirl,2026-06-24,125.9382,6.752,1979,en,,Action; Adventure; Science Fiction,Adventure
1081003,movie,Supergirl,2026-06-24,125.9382,6.752,1979,en,,Action; Adventure; Science Fiction,Science Fiction
687163,movie,Project Hail Mary,2026-03-15,121.372,8.648,7229,en,,Science Fiction; Adventure,Science Fiction
687163,movie,Project Hail Mary,2026-03-15,121.372,8.648,7229,en,,Science Fiction; Adventure,Adventure
1273221,movie,Scary Movie,2026-06-03,117.1213,6.44,1688,en,,Comedy,Comedy
1307118,movie,Soulm8te,2026-07-31,113.7099,7.294,228,en,,Horror; Science Fiction; Thriller,Horror
1307118,movie,Soulm8te,2026-07-31,113.7099,7.294,228,en,,Horror; Science Fiction; Thriller,Science Fiction
1307118,movie,Soulm8te,2026-07-31,113.7099,7.294,228,en,,Horror; Science Fiction; Thriller,Thriller
1612018,movie,Jackass: Best and Last,2026-06-25,101.0602,7.521,168,en,,Action; Comedy; Documentary,Action
1612018,movie,Jackass: Best and Last,2026-06-25,101.0602,7.521,168,en,,Action; Comedy; Documentary,Comedy
1612018,movie,Jackass: Best and Last,2026-06-25,101.0602,7.521,168,en,,Action; Comedy; Documentary,Documentary
1523145,movie,Your Heart Will Be Broken,2026-03-26,100.8609,7.1,121,ru,,Romance,Romance
454639,movie,Masters of the Universe,2026-06-03,100.2615,7.17,1890,en,,Action; Fantasy; Science Fiction,Action
454639,movie,Masters of the Universe,2026-06-03,100.2615,7.17,1890,en,,Action; Fantasy; Science Fiction,Fantasy
454639,movie,Masters of the Universe,2026-06-03,100.2615,7.17,1890,en,,Action; Fantasy; Science Fiction,Science Fiction
980431,movie,Avatar Aang: The Last Airbender,2026-07-24,99.0452,9.21,929,en,,Animation; Action; Adventure; Fantasy,Animation
980431,movie,Avatar Aang: The Last Airbender,2026-07-24,99.0452,9.21,929,en,,Animation; Action; Adventure; Fantasy,Action
980431,movie,Avatar Aang: The Last Airbender,2026-07-24,99.0452,9.21,929,en,,Animation; Action; Adventure; Fantasy,Adventure
980431,movie,Avatar Aang: The Last Airbender,2026-07-24,99.0452,9.21,929,en,,Animation; Action; Adventure; Fantasy,Fantasy
1594914,movie,Lucky Strike,2026-06-26,97.5143,7.29,31,en,,Action; War,Action
1594914,movie,Lucky Strike,2026-06-26,97.5143,7.29,31,en,,Action; War,War
1481343,movie,The Devil's Mouth,2026-07-29,95.4486,6.589,674,en,,Horror; Thriller,Horror
1481343,movie,The Devil's Mouth,2026-07-29,95.4486,6.589,674,en,,Horror; Thriller,Thriller
1698863,movie,The Odyssey,2026-07-03,95.352,3.998,307,en,,Adventure; Fantasy; Action,Adventure
1698863,movie,The Odyssey,2026-07-03,95.352,3.998,307,en,,Adventure; Fantasy; Action,Fantasy
1698863,movie,The Odyssey,2026-07-03,95.352,3.998,307,en,,Adventure; Fantasy; Action,Action
287496,tv,The Road to Splendor,2026-08-09,94.0991,9.0,2,zh,CN,Drama,Drama
291496,tv,Our Sticky Love,2026-08-07,93.065,8.689,61,ko,KR,Drama; Comedy,Drama
291496,tv,Our Sticky Love,2026-08-07,93.065,8.689,61,ko,KR,Drama; Comedy,Comedy
1564614,movie,Leviticus,2026-06-17,86.6611,6.721,396,en,,Horror; Romance,Horror
1564614,movie,Leviticus,2026-06-17,86.6611,6.721,396,en,,Horror; Romance,Romance
950028,movie,The Invite,2026-06-25,80.8835,7.372,292,en,,Comedy; Drama; Romance,Comedy
950028,movie,The Invite,2026-06-25,80.8835,7.372,292,en,,Comedy; Drama; Romance,Drama
950028,movie,The Invite,2026-06-25,80.8835,7.372,292,en,,Comedy; Drama; Romance,Romance
1280738,movie,The Furious,2026-06-10,80.1077,8.122,584,zh,,Action; Crime; Thriller,Action
1280738,movie,The Furious,2026-06-10,80.1077,8.122,584,zh,,Action; Crime; Thriller,Crime
1280738,movie,The Furious,2026-06-10,80.1077,8.122,584,zh,,Action; Crime; Thriller,Thriller
936075,movie,Michael,2026-04-22,76.575,8.67,4107,en,,Music; Drama,Music
936075,movie,Michael,2026-04-22,76.575,8.67,4107,en,,Music; Drama,Drama
273240,tv,Off Campus,2026-05-13,74.3412,8.909,799,en,US,Drama,Drama
1727780,movie,Borderline,2026-07-17,74.2551,5.7,15,en,,Thriller,Thriller
1493400,movie,Camp Rock 3,2026-08-13,74.1587,6.329,76,en,,Music; Comedy; Drama; TV Movie; Romance,Music
1493400,movie,Camp Rock 3,2026-08-13,74.1587,6.329,76,en,,Music; Comedy; Drama; TV Movie; Romance,Comedy
1493400,movie,Camp Rock 3,2026-08-13,74.1587,6.329,76,en,,Music; Comedy; Drama; TV Movie; Romance,Drama
1493400,movie,Camp Rock 3,2026-08-13,74.1587,6.329,76,en,,Music; Comedy; Drama; TV Movie; Romance,TV Movie
1493400,movie,Camp Rock 3,2026-08-13,74.1587,6.329,76,en,,Music; Comedy; Drama; TV Movie; Romance,Romance
1408162,movie,Vishwanath & Sons,2026-08-14,73.7983,8.4,7,ta,,Drama; Romance,Drama
1408162,movie,Vishwanath & Sons,2026-08-14,73.7983,8.4,7,ta,,Drama; Romance,Romance
1314481,movie,The Devil Wears Prada 2,2026-04-29,72.0131,7.07,2134,en,,Comedy; Drama,Comedy
1314481,movie,The Devil Wears Prada 2,2026-04-29,72.0131,7.07,2134,en,,Comedy; Drama,Drama
299167,tv,Dutton Ranch,2026-05-15,71.1908,9.164,545,en,US,Western; Drama,Western
299167,tv,Dutton Ranch,2026-05-15,71.1908,9.164,545,en,US,Western; Drama,Drama
1439930,movie,The Punisher: One Last Kill,2026-05-12,67.6581,8.287,2105,en,,Action; Drama; Crime,Action
1439930,movie,The Punisher: One Last Kill,2026-05-12,67.6581,8.287,2105,en,,Action; Drama; Crime,Drama
1439930,movie,The Punisher: One Last Kill,2026-05-12,67.6581,8.287,2105,en,,Action; Drama; Crime,Crime
1127384,movie,Deep Water,2026-04-30,67.4001,7.112,408,en,,Horror; Thriller,Horror
1127384,movie,Deep Water,2026-04-30,67.4001,7.112,408,en,,Horror; Thriller,Thriller
1630409,movie,The Debt Collector,2026-07-20,66.4529,7.914,110,th,,Action; Thriller; Crime,Action
1630409,movie,The Debt Collector,2026-07-20,66.4529,7.914,110,th,,Action; Thriller; Crime,Thriller
1630409,movie,The Debt Collector,2026-07-20,66.4529,7.914,110,th,,Action; Thriller; Crime,Crime
276161,tv,Teach You a Lesson,2026-06-05,64.1887,9.4,815,ko,KR,Action & Adventure; Drama; Comedy,Action & Adventure
276161,tv,Teach You a Lesson,2026-06-05,64.1887,9.4,815,ko,KR,Action & Adventure; Drama; Comedy,Drama
276161,tv,Teach You a Lesson,2026-06-05,64.1887,9.4,815,ko,KR,Action & Adventure; Drama; Comedy,Comedy
1228710,movie,The Mandalorian and Grogu,2026-05-20,63.9372,7.507,1323,en,,Action; Adventure; Science Fiction,Action
1228710,movie,The Mandalorian and Grogu,2026-05-20,63.9372,7.507,1323,en,,Action; Adventure; Science Fiction,Adventure
1228710,movie,The Mandalorian and Grogu,2026-05-20,63.9372,7.507,1323,en,,Action; Adventure; Science Fiction,Science Fiction
1226863,movie,The Super Mario Galaxy Movie,2026-04-01,63.8137,8.243,3506,en,,Family; Comedy; Adventure; Fantasy; Animation,Family
1226863,movie,The Super Mario Galaxy Movie,2026-04-01,63.8137,8.243,3506,en,,Family; Comedy; Adventure; Fantasy; Animation,Comedy
1226863,movie,The Super Mario Galaxy Movie,2026-04-01,63.8137,8.243,3506,en,,Family; Comedy; Adventure; Fantasy; Animation,Adventure
1226863,movie,The Super Mario Galaxy Movie,2026-04-01,63.8137,8.243,3506,en,,Family; Comedy; Adventure; Fantasy; Animation,Fantasy
1226863,movie,The Super Mario Galaxy Movie,2026-04-01,63.8137,8.243,3506,en,,Family; Comedy; Adventure; Fantasy; Animation,Animation
283297,tv,Sterling Point,2026-08-05,63.4764,8.036,84,en,US,Mystery; Drama,Mystery
283297,tv,Sterling Point,2026-08-05,63.4764,8.036,84,en,US,Mystery; Drama,Drama
317883,tv,Torn Apart,2026-05-31,62.0498,7.0,10,tr,TR,Drama; Comedy,Drama
317883,tv,Torn Apart,2026-05-31,62.0498,7.0,10,tr,TR,Drama; Comedy,Comedy
1668364,movie,Desire,2026-05-07,61.6788,6.764,233,es,,Mystery; Drama,Mystery
1668364,movie,Desire,2026-05-07,61.6788,6.764,233,es,,Mystery; Drama,Drama
287238,tv,Furious,2026-07-27,60.1237,7.1,55,en,US,Drama; Crime,Drama
287238,tv,Furious,2026-07-27,60.1237,7.1,55,en,US,Drama; Crime,Crime
315038,tv,Resort,2026-03-13,59.3528,0.0,0,ta,IN,Comedy,Comedy
287620,tv,Stuart Fails to Save the Universe,2026-07-23,59.1361,9.1,117,en,US,Comedy; Sci-Fi & Fantasy,Comedy
287620,tv,Stuart Fails to Save the Universe,2026-07-23,59.1361,9.1,117,en,US,Comedy; Sci-Fi & Fantasy,Sci-Fi & Fantasy
1291595,movie,Insidious: Out of the Further,2026-08-19,59.0625,6.477,22,en,,Horror; Thriller,Horror
1291595,movie,Insidious: Out of the Further,2026-08-19,59.0625,6.477,22,en,,Horror; Thriller,Thriller
1504358,movie,Don't Say Good Luck,2026-08-13,57.0413,7.091,44,en,,Comedy; Music; Drama,Comedy
1504358,movie,Don't Say Good Luck,2026-08-13,57.0413,7.091,44,en,,Comedy; Music; Drama,Music
1504358,movie,Don't Say Good Luck,2026-08-13,57.0413,7.091,44,en,,Comedy; Music; Drama,Drama
931285,movie,Mortal Kombat II,2026-05-06,56.6337,7.859,2411,en,,Action; Fantasy; Adventure,Action
931285,movie,Mortal Kombat II,2026-05-06,56.6337,7.859,2411,en,,Action; Fantasy; Adventure,Fantasy
931285,movie,Mortal Kombat II,2026-05-06,56.6337,7.859,2411,en,,Action; Fantasy; Adventure,Adventure
298168,tv,The Shards,2026-08-05,55.421,7.067,30,en,US,Drama; Mystery,Drama
298168,tv,The Shards,2026-08-05,55.421,7.067,30,en,US,Drama; Mystery,Mystery
1510795,movie,"Shake, Rattle & Roll: Evil Origins",2026-06-05,55.2275,5.722,18,tl,,Horror,Horror
1327819,movie,Hoppers,2026-03-04,53.3083,8.171,2212,en,,Adventure; Animation; Comedy; Family; Science Fiction,Adventure
1327819,movie,Hoppers,2026-03-04,53.3083,8.171,2212,en,,Adventure; Animation; Comedy; Family; Science Fiction,Animation
1327819,movie,Hoppers,2026-03-04,53.3083,8.171,2212,en,,Adventure; Animation; Comedy; Family; Science Fiction,Comedy
1327819,movie,Hoppers,2026-03-04,53.3083,8.171,2212,en,,Adventure; Animation; Comedy; Family; Science Fiction,Family
1327819,movie,Hoppers,2026-03-04,53.3083,8.171,2212,en,,Adventure; Animation; Comedy; Family; Science Fiction,Science Fiction
1698856,movie,Master of the Universe,2026-05-22,52.9757,5.033,75,en,,Science Fiction; Action; Fantasy,Science Fiction
1698856,movie,Master of the Universe,2026-05-22,52.9757,5.033,75,en,,Science Fiction; Action; Fantasy,Action
1698856,movie,Master of the Universe,2026-05-22,52.9757,5.033,75,en,,Science Fiction; Action; Fantasy,Fantasy
312949,tv,Chainsmoker Cat,2026-07-03,52.0438,8.5,52,ja,JP,Animation; Comedy; Sci-Fi & Fantasy,Animation
312949,tv,Chainsmoker Cat,2026-07-03,52.0438,8.5,52,ja,JP,Animation; Comedy; Sci-Fi & Fantasy,Comedy
312949,tv,Chainsmoker Cat,2026-07-03,52.0438,8.5,52,ja,JP,Animation; Comedy; Sci-Fi & Fantasy,Sci-Fi & Fantasy
1491920,movie,Kung Fu Soccer,2026-07-11,51.1754,6.375,24,zh,,Drama; Comedy; Action,Drama
1491920,movie,Kung Fu Soccer,2026-07-11,51.1754,6.375,24,zh,,Drama; Comedy; Action,Comedy
1491920,movie,Kung Fu Soccer,2026-07-11,51.1754,6.375,24,zh,,Drama; Comedy; Action,Action
1728704,movie,Siping,2026-07-10,50.6607,4.3,5,tl,,Drama,Drama
285993,tv,BLACK TORCH,2026-07-04,48.6672,8.6,29,ja,JP,Animation; Mystery; Action & Adventure; Sci-Fi & Fantasy,Animation
285993,tv,BLACK TORCH,2026-07-04,48.6672,8.6,29,ja,JP,Animation; Mystery; Action & Adventure; Sci-Fi & Fantasy,Mystery
285993,tv,BLACK TORCH,2026-07-04,48.6672,8.6,29,ja,JP,Animation; Mystery; Action & Adventure; Sci-Fi & Fantasy,Action & Adventure
285993,tv,BLACK TORCH,2026-07-04,48.6672,8.6,29,ja,JP,Animation; Mystery; Action & Adventure; Sci-Fi & Fantasy,Sci-Fi & Fantasy
1007757,movie,Swapped,2026-05-01,47.4519,8.878,2119,en,,Adventure; Animation; Family; Fantasy,Adventure
1007757,movie,Swapped,2026-05-01,47.4519,8.878,2119,en,,Adventure; Animation; Family; Fantasy,Animation
1007757,movie,Swapped,2026-05-01,47.4519,8.878,2119,en,,Adventure; Animation; Family; Fantasy,Family
1007757,movie,Swapped,2026-05-01,47.4519,8.878,2119,en,,Adventure; Animation; Family; Fantasy,Fantasy
283428,tv,The Ramparts of Ice,2026-04-02,46.929,8.594,53,ja,JP,Animation; Drama,Animation
283428,tv,The Ramparts of Ice,2026-04-02,46.929,8.594,53,ja,JP,Animation; Drama,Drama
1404304,movie,The Isolate Thief,2026-07-10,46.2238,7.324,17,en,,Western; Action; Drama,Western
1404304,movie,The Isolate Thief,2026-07-10,46.2238,7.324,17,en,,Western; Action; Drama,Action
1404304,movie,The Isolate Thief,2026-07-10,46.2238,7.324,17,en,,Western; Action; Drama,Drama
301412,tv,Dream to You,2026-07-13,46.1892,9.3,10,ko,KR,Drama; Comedy,Drama
301412,tv,Dream to You,2026-07-13,46.1892,9.3,10,ko,KR,Drama; Comedy,Comedy
298610,tv,Spooky in Love,2026-07-18,45.1972,8.8,39,ko,KR,Comedy; Sci-Fi & Fantasy; Drama,Comedy
298610,tv,Spooky in Love,2026-07-18,45.1972,8.8,39,ko,KR,Comedy; Sci-Fi & Fantasy; Drama,Sci-Fi & Fantasy
298610,tv,Spooky in Love,2026-07-18,45.1972,8.8,39,ko,KR,Comedy; Sci-Fi & Fantasy; Drama,Drama
296206,tv,Agent Kim Reactivated,2026-06-26,44.744,8.363,139,ko,KR,Action & Adventure; Crime; Drama,Action & Adventure
296206,tv,Agent Kim Reactivated,2026-06-26,44.744,8.363,139,ko,KR,Action & Adventure; Crime; Drama,Crime
296206,tv,Agent Kim Reactivated,2026-06-26,44.744,8.363,139,ko,KR,Action & Adventure; Crime; Drama,Drama
296756,tv,President Curtis,2026-07-26,43.908,5.786,28,en,US,Animation; Comedy,Animation
296756,tv,President Curtis,2026-07-26,43.908,5.786,28,en,US,Animation; Comedy,Comedy
1413976,movie,Citizen Vigilante,2026-06-19,43.435,6.398,338,en,,Thriller; Action; Crime,Thriller
1413976,movie,Citizen Vigilante,2026-06-19,43.435,6.398,338,en,,Thriller; Action; Crime,Action
1413976,movie,Citizen Vigilante,2026-06-19,43.435,6.398,338,en,,Thriller; Action; Crime,Crime
290856,tv,Marshals,2026-03-01,43.3646,7.94,350,en,US,Drama; Crime; Action & Adventure,Drama
290856,tv,Marshals,2026-03-01,43.3646,7.94,350,en,US,Drama; Crime; Action & Adventure,Crime
290856,tv,Marshals,2026-03-01,43.3646,7.94,350,en,US,Drama; Crime; Action & Adventure,Action & Adventure
1589248,movie,"My Best Friend, His Girlfriend and Me",2026-08-14,43.2126,4.0,14,de,,Comedy,Comedy
1304313,movie,Lee Cronin's The Mummy,2026-04-15,43.1022,7.898,2537,en,,Horror; Mystery,Horror
1304313,movie,Lee Cronin's The Mummy,2026-04-15,43.1022,7.898,2537,en,,Horror; Mystery,Mystery
1418582,movie,Here the Whole Time,2026-06-18,42.9911,7.1,19,pt,,Comedy; Romance,Comedy
1418582,movie,Here the Whole Time,2026-06-18,42.9911,7.1,19,pt,,Comedy; Romance,Romance
220102,tv,Spider-Noir,2026-05-25,41.9448,8.363,790,en,US,Drama; Mystery; Crime,Drama
220102,tv,Spider-Noir,2026-05-25,41.9448,8.363,790,en,US,Drama; Mystery; Crime,Mystery
220102,tv,Spider-Noir,2026-05-25,41.9448,8.363,790,en,US,Drama; Mystery; Crime,Crime
279388,tv,Pursuit of Jade,2026-03-06,41.7905,8.0,79,zh,CN,Drama,Drama
1391021,movie,Once Upon a Time in the Middle East,2026-08-08,41.7179,9.2,17,zh,,Drama; War,Drama
1391021,movie,Once Upon a Time in the Middle East,2026-08-08,41.7179,9.2,17,zh,,Drama; War,War
289116,tv,Genius Girlfriend,2026-08-02,41.6657,8.4,4,zh,CN,Drama,Drama
309798,tv,My Brilliant Career,2026-08-13,41.4209,4.6,19,en,AU,Drama; Family,Drama
309798,tv,My Brilliant Career,2026-08-13,41.4209,4.6,19,en,AU,Drama; Family,Family
278178,tv,I Will Find You,2026-06-18,40.5861,8.229,438,en,US,Drama; Mystery; Crime,Drama
278178,tv,I Will Find You,2026-06-18,40.5861,8.229,438,en,US,Drama; Mystery; Crime,Mystery
278178,tv,I Will Find You,2026-06-18,40.5861,8.229,438,en,US,Drama; Mystery; Crime,Crime
260463,tv,Daemons of the Shadow Realm,2026-04-04,40.5019,8.669,62,ja,JP,Animation; Action & Adventure; Sci-Fi & Fantasy,Animation
260463,tv,Daemons of the Shadow Realm,2026-04-04,40.5019,8.669,62,ja,JP,Animation; Action & Adventure; Sci-Fi & Fantasy,Action & Adventure
260463,tv,Daemons of the Shadow Realm,2026-04-04,40.5019,8.669,62,ja,JP,Animation; Action & Adventure; Sci-Fi & Fantasy,Sci-Fi & Fantasy
1656061,movie,Immortal Combat,2026-04-24,40.0884,4.625,20,en,,Action; Science Fiction; Adventure,Action
1656061,movie,Immortal Combat,2026-04-24,40.0884,4.625,20,en,,Action; Science Fiction; Adventure,Science Fiction
1656061,movie,Immortal Combat,2026-04-24,40.0884,4.625,20,en,,Action; Science Fiction; Adventure,Adventure
1723013,movie,Hibla 2,2026-06-30,40.0534,3.0,1,tl,,Drama,Drama
297826,tv,Tomb Raider King,2026-07-08,39.3501,8.353,17,ko,KR,Animation; Action & Adventure; Sci-Fi & Fantasy,Animation
297826,tv,Tomb Raider King,2026-07-08,39.3501,8.353,17,ko,KR,Animation; Action & Adventure; Sci-Fi & Fantasy,Action & Adventure
297826,tv,Tomb Raider King,2026-07-08,39.3501,8.353,17,ko,KR,Animation; Action & Adventure; Sci-Fi & Fantasy,Sci-Fi & Fantasy
319037,tv,A Winter Sun Wakes the Wind in Spring Hills' Dream,2026-06-12,39.131,9.0,3,zh,CN,Drama,Drama
314402,tv,"Crazy Love, Moo-Moo!",2026-05-09,39.0166,7.8,8,th,TH,Drama,Drama
322428,tv,Moria,2026-08-14,38.1102,9.6,20,es,AR,Drama,Drama
1301421,movie,The Sheep Detectives,2026-04-30,38.1092,7.93,1470,en,,Comedy; Family; Mystery,Comedy
1301421,movie,The Sheep Detectives,2026-04-30,38.1092,7.93,1470,en,,Comedy; Family; Mystery,Family
1301421,movie,The Sheep Detectives,2026-04-30,38.1092,7.93,1470,en,,Comedy; Family; Mystery,Mystery
322430,tv,The Polygamist,2026-06-12,37.3462,8.926,183,zu,ZA,Drama; Soap,Drama
322430,tv,The Polygamist,2026-06-12,37.3462,8.926,183,zu,ZA,Drama; Soap,Soap
1598766,movie,Crayon Shin-chan the Movie: Very Bizarre! My Yokai Vacation,2026-07-31,36.9491,0.0,0,ja,,Adventure; Animation; Comedy,Adventure
1598766,movie,Crayon Shin-chan the Movie: Very Bizarre! My Yokai Vacation,2026-07-31,36.9491,0.0,0,ja,,Adventure; Animation; Comedy,Animation
1598766,movie,Crayon Shin-chan the Movie: Very Bizarre! My Yokai Vacation,2026-07-31,36.9491,0.0,0,ja,,Adventure; Animation; Comedy,Comedy
1669051,movie,Kesong Puti,2026-04-24,36.9321,3.8,4,tl,,Drama,Drama
312020,tv,The World Is Dancing,2026-07-02,36.7186,8.0,2,ja,JP,Animation; Drama,Animation
312020,tv,The World Is Dancing,2026-07-02,36.7186,8.0,2,ja,JP,Animation; Drama,Drama
284753,tv,Operation Safed Sagar: The Untold Story of the Kargil War,2026-08-07,36.291,6.25,8,hi,IN,Drama,Drama
1497463,movie,All That We Never Were,2026-06-04,36.1369,8.044,79,es,,Drama; Romance,Drama
1497463,movie,All That We Never Were,2026-06-04,36.1369,8.044,79,es,,Drama; Romance,Romance
1122573,movie,In the Grey,2026-05-13,35.9147,7.589,745,en,,Action; Thriller,Action
1122573,movie,In the Grey,2026-05-13,35.9147,7.589,745,en,,Action; Thriller,Thriller
303351,tv,Blood Sacrifice,2026-08-20,35.748,5.0,5,sv,SE,Drama; Crime; Mystery,Drama
303351,tv,Blood Sacrifice,2026-08-20,35.748,5.0,5,sv,SE,Drama; Crime; Mystery,Crime
303351,tv,Blood Sacrifice,2026-08-20,35.748,5.0,5,sv,SE,Drama; Crime; Mystery,Mystery
271016,tv,Mystic Nine,2026-07-30,35.5474,6.8,6,zh,CN,Drama; Action & Adventure,Drama
271016,tv,Mystic Nine,2026-07-30,35.5474,6.8,6,zh,CN,Drama; Action & Adventure,Action & Adventure
1318621,movie,Descendants: Wicked Wonderland,2026-07-16,35.45,7.577,156,en,,TV Movie; Family; Fantasy; Adventure,TV Movie
1318621,movie,Descendants: Wicked Wonderland,2026-07-16,35.45,7.577,156,en,,TV Movie; Family; Fantasy; Adventure,Family
1318621,movie,Descendants: Wicked Wonderland,2026-07-16,35.45,7.577,156,en,,TV Movie; Family; Fantasy; Adventure,Fantasy
1318621,movie,Descendants: Wicked Wonderland,2026-07-16,35.45,7.577,156,en,,TV Movie; Family; Fantasy; Adventure,Adventure
1232569,movie,Pinocchio: Unstrung,2026-07-22,35.3699,7.5,30,en,,Horror; Fantasy; Mystery,Horror
1232569,movie,Pinocchio: Unstrung,2026-07-22,35.3699,7.5,30,en,,Horror; Fantasy; Mystery,Fantasy
1232569,movie,Pinocchio: Unstrung,2026-07-22,35.3699,7.5,30,en,,Horror; Fantasy; Mystery,Mystery
270476,tv,Widow's Bay,2026-04-28,35.2818,8.077,396,en,US,Drama; Comedy; Mystery,Drama
270476,tv,Widow's Bay,2026-04-28,35.2818,8.077,396,en,US,Drama; Comedy; Mystery,Comedy
270476,tv,Widow's Bay,2026-04-28,35.2818,8.077,396,en,US,Drama; Comedy; Mystery,Mystery
1314826,movie,Yellow Eyes,2026-08-18,35.1872,4.3,3,en,,Horror,Horror
240740,tv,Scarpetta,2026-03-11,35.0991,6.515,136,en,US,Drama; Crime; Mystery,Drama
240740,tv,Scarpetta,2026-03-11,35.0991,6.515,136,en,US,Drama; Crime; Mystery,Crime
240740,tv,Scarpetta,2026-03-11,35.0991,6.515,136,en,US,Drama; Crime; Mystery,Mystery
270603,tv,The Exiled Heavy Knight Knows How to Game the System,2026-07-03,34.9535,8.588,17,ja,JP,Animation; Action & Adventure; Sci-Fi & Fantasy,Animation
270603,tv,The Exiled Heavy Knight Knows How to Game the System,2026-07-03,34.9535,8.588,17,ja,JP,Animation; Action & Adventure; Sci-Fi & Fantasy,Action & Adventure
270603,tv,The Exiled Heavy Knight Knows How to Game the System,2026-07-03,34.9535,8.588,17,ja,JP,Animation; Action & Adventure; Sci-Fi & Fantasy,Sci-Fi & Fantasy
285574,tv,I Want to Love You Till Your Dying Day,2026-07-07,34.9282,9.5,4,ja,JP,Animation; Drama; Sci-Fi & Fantasy,Animation
285574,tv,I Want to Love You Till Your Dying Day,2026-07-07,34.9282,9.5,4,ja,JP,Animation; Drama; Sci-Fi & Fantasy,Drama
285574,tv,I Want to Love You Till Your Dying Day,2026-07-07,34.9282,9.5,4,ja,JP,Animation; Drama; Sci-Fi & Fantasy,Sci-Fi & Fantasy
1325734,movie,The Drama,2026-04-01,34.2169,6.912,1611,en,,Romance; Comedy; Drama,Romance
1325734,movie,The Drama,2026-04-01,34.2169,6.912,1611,en,,Romance; Comedy; Drama,Comedy
1325734,movie,The Drama,2026-04-01,34.2169,6.912,1611,en,,Romance; Comedy; Drama,Drama
1318447,movie,Apex,2026-04-24,33.9957,6.89,1828,en,,Action; Thriller,Action
1318447,movie,Apex,2026-04-24,33.9957,6.89,1828,en,,Action; Thriller,Thriller
296286,tv,Smoking Behind the Supermarket with You,2026-07-09,33.9261,8.9,39,ja,JP,Animation; Comedy,Animation
296286,tv,Smoking Behind the Supermarket with You,2026-07-09,33.9261,8.9,39,ja,JP,Animation; Comedy,Comedy
1487864,movie,Nando Between Two Worlds - A Sintonia Film,2026-08-12,33.7555,5.167,15,pt,,Crime; Thriller; Drama,Crime
1487864,movie,Nando Between Two Worlds - A Sintonia Film,2026-08-12,33.7555,5.167,15,pt,,Crime; Thriller; Drama,Thriller
1487864,movie,Nando Between Two Worlds - A Sintonia Film,2026-08-12,33.7555,5.167,15,pt,,Crime; Thriller; Drama,Drama
283888,tv,"Kujima: Why Sing, When You Can Warble?",2026-04-09,33.6654,6.3,7,ja,JP,Animation; Comedy; Sci-Fi & Fantasy,Animation
283888,tv,"Kujima: Why Sing, When You Can Warble?",2026-04-09,33.6654,6.3,7,ja,JP,Animation; Comedy; Sci-Fi & Fantasy,Comedy
283888,tv,"Kujima: Why Sing, When You Can Warble?",2026-04-09,33.6654,6.3,7,ja,JP,Animation; Comedy; Sci-Fi & Fantasy,Sci-Fi & Fantasy
1382832,movie,Hungry,2026-06-03,33.6618,7.177,234,en,,Thriller; Horror,Thriller
1382832,movie,Hungry,2026-06-03,33.6618,7.177,234,en,,Thriller; Horror,Horror
1430698,movie,The Bay,2026-07-02,33.5699,5.7,25,en,,Thriller; Horror,Thriller
1430698,movie,The Bay,2026-07-02,33.5699,5.7,25,en,,Thriller; Horror,Horror
1719326,movie,The Cheating Wife,2026-06-26,33.2185,2.5,2,tl,,Drama,Drama
289139,tv,Overdo,2026-07-19,32.5586,8.5,11,zh,CN,Drama,Drama
1185806,movie,PAW Patrol: The Dino Movie,2026-07-23,32.2105,7.0,34,en,,Animation; Adventure; Family; Fantasy; Comedy,Animation
1185806,movie,PAW Patrol: The Dino Movie,2026-07-23,32.2105,7.0,34,en,,Animation; Adventure; Family; Fantasy; Comedy,Adventure
1185806,movie,PAW Patrol: The Dino Movie,2026-07-23,32.2105,7.0,34,en,,Animation; Adventure; Family; Fantasy; Comedy,Family
1185806,movie,PAW Patrol: The Dino Movie,2026-07-23,32.2105,7.0,34,en,,Animation; Adventure; Family; Fantasy; Comedy,Fantasy
1185806,movie,PAW Patrol: The Dino Movie,2026-07-23,32.2105,7.0,34,en,,Animation; Adventure; Family; Fantasy; Comedy,Comedy
1616268,movie,Aroopi,2026-07-03,31.9344,1.0,2,ml,,Horror; Thriller,Horror
1616268,movie,Aroopi,2026-07-03,31.9344,1.0,2,ml,,Horror; Thriller,Thriller
1308767,movie,Young Washington,2026-07-02,31.769,7.7,89,en,,History; War; Drama,History
1308767,movie,Young Washington,2026-07-02,31.769,7.7,89,en,,History; War; Drama,War
1308767,movie,Young Washington,2026-07-02,31.769,7.7,89,en,,History; War; Drama,Drama
295778,tv,Scrubs,2026-02-25,31.7114,7.793,99,en,US,Comedy,Comedy
949838,movie,72 HOURS,2026-07-20,31.6981,6.834,379,en,,Comedy; Crime,Comedy
949838,movie,72 HOURS,2026-07-20,31.6981,6.834,379,en,,Comedy; Crime,Crime
284029,tv,The Cat and the Dragon,2026-07-04,31.2921,8.667,12,ja,JP,Animation; Sci-Fi & Fantasy,Animation
284029,tv,The Cat and the Dragon,2026-07-04,31.2921,8.667,12,ja,JP,Animation; Sci-Fi & Fantasy,Sci-Fi & Fantasy
277439,tv,Cape Fear,2026-06-04,31.1015,7.191,152,en,US,Crime; Drama,Crime
277439,tv,Cape Fear,2026-06-04,31.1015,7.191,152,en,US,Crime; Drama,Drama
302051,tv,I Became a Legend After My 10 Year-Long Last Stand,2026-07-06,30.9374,6.5,6,ja,JP,Animation; Sci-Fi & Fantasy; Action & Adventure,Animation
302051,tv,I Became a Legend After My 10 Year-Long Last Stand,2026-07-06,30.9374,6.5,6,ja,JP,Animation; Sci-Fi & Fantasy; Action & Adventure,Sci-Fi & Fantasy
302051,tv,I Became a Legend After My 10 Year-Long Last Stand,2026-07-06,30.9374,6.5,6,ja,JP,Animation; Sci-Fi & Fantasy; Action & Adventure,Action & Adventure
1599189,movie,剑来院线剧场版 十三之争,2026-05-01,30.8091,0.0,0,zh,,Animation; Action; Adventure,Animation
1599189,movie,剑来院线剧场版 十三之争,2026-05-01,30.8091,0.0,0,zh,,Animation; Action; Adventure,Action
1599189,movie,剑来院线剧场版 十三之争,2026-05-01,30.8091,0.0,0,zh,,Animation; Action; Adventure,Adventure
1469342,movie,Her Private Hell,2026-07-23,30.2181,5.1,47,en,,Science Fiction; Horror; Thriller,Science Fiction
1469342,movie,Her Private Hell,2026-07-23,30.2181,5.1,47,en,,Science Fiction; Horror; Thriller,Horror
1469342,movie,Her Private Hell,2026-07-23,30.2181,5.1,47,en,,Science Fiction; Horror; Thriller,Thriller
314554,tv,From Overshadowed to Overpowered: Second Reincarnation of a Talentless Sage,2026-07-02,30.1846,6.0,5,ja,JP,Animation; Action & Adventure; Sci-Fi & Fantasy,Animation
314554,tv,From Overshadowed to Overpowered: Second Reincarnation of a Talentless Sage,2026-07-02,30.1846,6.0,5,ja,JP,Animation; Action & Adventure; Sci-Fi & Fantasy,Action & Adventure
314554,tv,From Overshadowed to Overpowered: Second Reincarnation of a Talentless Sage,2026-07-02,30.1846,6.0,5,ja,JP,Animation; Action & Adventure; Sci-Fi & Fantasy,Sci-Fi & Fantasy
290019,tv,I Made Friends with the Second Prettiest Girl in My Class,2026-04-07,30.0556,8.019,53,ja,JP,Animation; Comedy; Drama,Animation
290019,tv,I Made Friends with the Second Prettiest Girl in My Class,2026-04-07,30.0556,8.019,53,ja,JP,Animation; Comedy; Drama,Comedy
290019,tv,I Made Friends with the Second Prettiest Girl in My Class,2026-04-07,30.0556,8.019,53,ja,JP,Animation; Comedy; Drama,Drama
328150,tv,Love Algorithm,2026-07-15,29.8574,8.0,1,zh,MY,Drama,Drama
241882,tv,Ride or Die,2026-07-15,29.8532,6.5,92,en,US,Action & Adventure,Action & Adventure
250008,tv,"Oh Boy, Was I Wrong About Her",2026-07-06,29.4643,8.0,2,ja,JP,Animation; Comedy,Animation
250008,tv,"Oh Boy, Was I Wrong About Her",2026-07-06,29.4643,8.0,2,ja,JP,Animation; Comedy,Comedy
309974,tv,Love Unseen Beneath the Clear Night Sky,2026-07-06,29.3542,7.667,9,ja,JP,Animation; Drama,Animation
309974,tv,Love Unseen Beneath the Clear Night Sky,2026-07-06,29.3542,7.667,9,ja,JP,Animation; Drama,Drama
300727,tv,The Apartment Job,2026-07-11,29.3542,8.7,25,ko,KR,Drama; Comedy; Crime,Drama
300727,tv,The Apartment Job,2026-07-11,29.3542,8.7,25,ko,KR,Drama; Comedy; Crime,Comedy
300727,tv,The Apartment Job,2026-07-11,29.3542,8.7,25,ko,KR,Drama; Comedy; Crime,Crime
298831,tv,A Livid Lady's Guide to Getting Even: How I Crushed My Homeland with My Mighty Grimoires,2026-07-06,29.1936,7.0,3,ja,JP,Animation; Sci-Fi & Fantasy; Action & Adventure,Animation
298831,tv,A Livid Lady's Guide to Getting Even: How I Crushed My Homeland with My Mighty Grimoires,2026-07-06,29.1936,7.0,3,ja,JP,Animation; Sci-Fi & Fantasy; Action & Adventure,Sci-Fi & Fantasy
298831,tv,A Livid Lady's Guide to Getting Even: How I Crushed My Homeland with My Mighty Grimoires,2026-07-06,29.1936,7.0,3,ja,JP,Animation; Sci-Fi & Fantasy; Action & Adventure,Action & Adventure
1616131,movie,A Child of My Own,2026-07-30,29.0381,6.944,9,es,,Documentary,Documentary
1393326,movie,Ghost in the Cell,2026-04-16,28.9087,7.5,23,id,,Horror; Comedy; Thriller,Horror
1393326,movie,Ghost in the Cell,2026-04-16,28.9087,7.5,23,id,,Horror; Comedy; Thriller,Comedy
1393326,movie,Ghost in the Cell,2026-04-16,28.9087,7.5,23,id,,Horror; Comedy; Thriller,Thriller
286345,tv,Though I Am an Inept Villainess,2026-07-12,28.6121,8.25,6,ja,JP,Animation; Drama; Sci-Fi & Fantasy,Animation
286345,tv,Though I Am an Inept Villainess,2026-07-12,28.6121,8.25,6,ja,JP,Animation; Drama; Sci-Fi & Fantasy,Drama
286345,tv,Though I Am an Inept Villainess,2026-07-12,28.6121,8.25,6,ja,JP,Animation; Drama; Sci-Fi & Fantasy,Sci-Fi & Fantasy
286709,tv,The Westies,2026-07-12,28.5513,7.13,23,en,US,Drama; Crime,Drama
286709,tv,The Westies,2026-07-12,28.5513,7.13,23,en,US,Drama; Crime,Crime
289324,tv,Star Wars: Visions Presents - The Ninth Jedi,2026-08-05,28.4295,7.522,23,ja,JP,Animation; Sci-Fi & Fantasy; Action & Adventure,Animation
289324,tv,Star Wars: Visions Presents - The Ninth Jedi,2026-08-05,28.4295,7.522,23,ja,JP,Animation; Sci-Fi & Fantasy; Action & Adventure,Sci-Fi & Fantasy
289324,tv,Star Wars: Visions Presents - The Ninth Jedi,2026-08-05,28.4295,7.522,23,ja,JP,Animation; Sci-Fi & Fantasy; Action & Adventure,Action & Adventure
303493,tv,Knot,2026-06-30,28.4067,7.4,7,th,TH,Drama; Sci-Fi & Fantasy; Action & Adventure,Drama
303493,tv,Knot,2026-06-30,28.4067,7.4,7,th,TH,Drama; Sci-Fi & Fantasy; Action & Adventure,Sci-Fi & Fantasy
303493,tv,Knot,2026-06-30,28.4067,7.4,7,th,TH,Drama; Sci-Fi & Fantasy; Action & Adventure,Action & Adventure
327814,tv,Final Project,2026-07-29,28.3947,7.9,20,es,MX,Drama,Drama
299158,tv,LOVEx3,2026-08-16,28.3663,9.0,1,th,TH,Drama,Drama
1101412,movie,Fall 2: Deadpoint,2026-08-07,27.6973,0.0,0,en,,Thriller,Thriller
1263532,movie,Beast Race,2026-03-17,27.5958,6.797,91,pt,,Action; Science Fiction; Thriller,Action
1263532,movie,Beast Race,2026-03-17,27.5958,6.797,91,pt,,Action; Science Fiction; Thriller,Science Fiction
1263532,movie,Beast Race,2026-03-17,27.5958,6.797,91,pt,,Action; Science Fiction; Thriller,Thriller
1380291,movie,Tom Clancy's Jack Ryan: Ghost War,2026-05-20,27.5878,6.935,741,en,,Action; Thriller,Action
1380291,movie,Tom Clancy's Jack Ryan: Ghost War,2026-05-20,27.5878,6.935,741,en,,Action; Thriller,Thriller
296437,tv,The Frontier Lord Begins with Zero Subjects,2026-07-10,27.1938,6.7,8,ja,JP,Comedy; Animation; Action & Adventure; Sci-Fi & Fantasy,Comedy
296437,tv,The Frontier Lord Begins with Zero Subjects,2026-07-10,27.1938,6.7,8,ja,JP,Comedy; Animation; Action & Adventure; Sci-Fi & Fantasy,Animation
296437,tv,The Frontier Lord Begins with Zero Subjects,2026-07-10,27.1938,6.7,8,ja,JP,Comedy; Animation; Action & Adventure; Sci-Fi & Fantasy,Action & Adventure
296437,tv,The Frontier Lord Begins with Zero Subjects,2026-07-10,27.1938,6.7,8,ja,JP,Comedy; Animation; Action & Adventure; Sci-Fi & Fantasy,Sci-Fi & Fantasy
1266127,movie,Ready or Not: Here I Come,2026-03-19,26.9774,7.576,1509,en,,Horror; Comedy,Horror
1266127,movie,Ready or Not: Here I Come,2026-03-19,26.9774,7.576,1509,en,,Horror; Comedy,Comedy
296140,tv,"My Bias, My Boss",2026-08-03,26.8199,7.25,4,ko,KR,Comedy; Drama,Comedy
296140,tv,"My Bias, My Boss",2026-08-03,26.8199,7.25,4,ko,KR,Comedy; Drama,Drama
1444466,movie,Awarapan 2,2026-08-14,26.6564,0.0,0,hi,,Action; Drama; Romance,Action
1444466,movie,Awarapan 2,2026-08-14,26.6564,0.0,0,hi,,Action; Drama; Romance,Drama
1444466,movie,Awarapan 2,2026-08-14,26.6564,0.0,0,hi,,Action; Drama; Romance,Romance
255358,tv,THE GHOST IN THE SHELL,2026-07-07,26.5143,8.4,36,ja,JP,Animation; Action & Adventure; Sci-Fi & Fantasy,Animation
255358,tv,THE GHOST IN THE SHELL,2026-07-07,26.5143,8.4,36,ja,JP,Animation; Action & Adventure; Sci-Fi & Fantasy,Action & Adventure
255358,tv,THE GHOST IN THE SHELL,2026-07-07,26.5143,8.4,36,ja,JP,Animation; Action & Adventure; Sci-Fi & Fantasy,Sci-Fi & Fantasy
308014,tv,Berlin and the Lady with an Ermine,2026-05-15,26.4743,8.1,209,es,ES,Drama; Crime; Action & Adventure,Drama
308014,tv,Berlin and the Lady with an Ermine,2026-05-15,26.4743,8.1,209,es,ES,Drama; Crime; Action & Adventure,Crime
308014,tv,Berlin and the Lady with an Ermine,2026-05-15,26.4743,8.1,209,es,ES,Drama; Crime; Action & Adventure,Action & Adventure
1368314,movie,Passenger,2026-05-20,26.4545,7.294,773,en,,Horror; Thriller,Horror
1368314,movie,Passenger,2026-05-20,26.4545,7.294,773,en,,Horror; Thriller,Thriller
324335,tv,Recommendations from Iwamoto-Senpai,2026-07-04,26.3745,6.0,2,ja,JP,Animation; Mystery; Sci-Fi & Fantasy,Animation
324335,tv,Recommendations from Iwamoto-Senpai,2026-07-04,26.3745,6.0,2,ja,JP,Animation; Mystery; Sci-Fi & Fantasy,Mystery
324335,tv,Recommendations from Iwamoto-Senpai,2026-07-04,26.3745,6.0,2,ja,JP,Animation; Mystery; Sci-Fi & Fantasy,Sci-Fi & Fantasy
1340206,movie,Tuner,2026-05-21,26.3726,7.296,296,en,,Crime; Drama; Thriller,Crime
1340206,movie,Tuner,2026-05-21,26.3726,7.296,296,en,,Crime; Drama; Thriller,Drama
1340206,movie,Tuner,2026-05-21,26.3726,7.296,296,en,,Crime; Drama; Thriller,Thriller
306790,tv,"Pardon the Intrusion, I'm Home!",2026-04-08,25.9113,6.3,12,ja,JP,Animation; Comedy,Animation
306790,tv,"Pardon the Intrusion, I'm Home!",2026-04-08,25.9113,6.3,12,ja,JP,Animation; Comedy,Comedy
298994,tv,The Villager of Level 999,2026-07-02,25.8305,6.773,11,ja,JP,Animation; Action & Adventure; Sci-Fi & Fantasy,Animation
298994,tv,The Villager of Level 999,2026-07-02,25.8305,6.773,11,ja,JP,Animation; Action & Adventure; Sci-Fi & Fantasy,Action & Adventure
298994,tv,The Villager of Level 999,2026-07-02,25.8305,6.773,11,ja,JP,Animation; Action & Adventure; Sci-Fi & Fantasy,Sci-Fi & Fantasy
1408170,movie,Lenin,2026-07-10,25.7471,6.4,5,te,,Action; Drama; Romance,Action
1408170,movie,Lenin,2026-07-10,25.7471,6.4,5,te,,Action; Drama; Romance,Drama
1408170,movie,Lenin,2026-07-10,25.7471,6.4,5,te,,Action; Drama; Romance,Romance
291350,tv,Anna Pigeon,2026-08-07,25.5937,6.556,9,en,CA,Drama; Mystery; Crime,Drama
291350,tv,Anna Pigeon,2026-08-07,25.5937,6.556,9,en,CA,Drama; Mystery; Crime,Mystery
291350,tv,Anna Pigeon,2026-08-07,25.5937,6.556,9,en,CA,Drama; Mystery; Crime,Crime
325052,tv,KAMUI: He's Behind You,2026-07-04,25.5926,9.0,3,ja,JP,Animation; Comedy,Animation
325052,tv,KAMUI: He's Behind You,2026-07-04,25.5926,9.0,3,ja,JP,Animation; Comedy,Comedy
153217,tv,Sparks of Tomorrow,2026-07-05,25.5774,8.6,7,ja,JP,Animation; Drama; Sci-Fi & Fantasy,Animation
153217,tv,Sparks of Tomorrow,2026-07-05,25.5774,8.6,7,ja,JP,Animation; Drama; Sci-Fi & Fantasy,Drama
153217,tv,Sparks of Tomorrow,2026-07-05,25.5774,8.6,7,ja,JP,Animation; Drama; Sci-Fi & Fantasy,Sci-Fi & Fantasy
312849,tv,Rich Girl Caretaker: I'm Secretly the Caregiver of the Most Popular Girl in This Rich Kid School,2026-07-05,25.5575,9.0,6,ja,JP,Animation; Comedy,Animation
312849,tv,Rich Girl Caretaker: I'm Secretly the Caregiver of the Most Popular Girl in This Rich Kid School,2026-07-05,25.5575,9.0,6,ja,JP,Animation; Comedy,Comedy
281281,tv,Elite Force,2026-07-22,25.5159,7.771,70,fr,FR,Action & Adventure; Crime; Drama,Action & Adventure
281281,tv,Elite Force,2026-07-22,25.5159,7.771,70,fr,FR,Action & Adventure; Crime; Drama,Crime
281281,tv,Elite Force,2026-07-22,25.5159,7.771,70,fr,FR,Action & Adventure; Crime; Drama,Drama
1433367,movie,One Night Only,2026-07-28,25.3631,6.757,35,en,,Comedy; Romance,Comedy
1433367,movie,One Night Only,2026-07-28,25.3631,6.757,35,en,,Comedy; Romance,Romance
1321008,movie,Black Box,2026-06-25,25.284,6.254,63,en,,Horror; Thriller,Horror
1321008,movie,Black Box,2026-06-25,25.284,6.254,63,en,,Horror; Thriller,Thriller
1159559,movie,Scream 7,2026-02-25,25.1636,6.233,1232,en,,Horror; Mystery; Crime,Horror
1159559,movie,Scream 7,2026-02-25,25.1636,6.233,1232,en,,Horror; Mystery; Crime,Mystery
1159559,movie,Scream 7,2026-02-25,25.1636,6.233,1232,en,,Horror; Mystery; Crime,Crime
255661,tv,Young Sherlock,2026-03-04,25.0175,7.836,295,en,GB,Action & Adventure; Mystery,Action & Adventure
255661,tv,Young Sherlock,2026-03-04,25.0175,7.836,295,en,GB,Action & Adventure; Mystery,Mystery
316830,tv,Seeking Persephone,2026-03-01,25.0091,8.867,15,en,US,Drama,Drama
294095,tv,A Bona Fide Killer,2026-07-31,24.9977,6.5,5,ko,KR,Drama; Action & Adventure; Mystery; Crime,Drama
294095,tv,A Bona Fide Killer,2026-07-31,24.9977,6.5,5,ko,KR,Drama; Action & Adventure; Mystery; Crime,Action & Adventure
294095,tv,A Bona Fide Killer,2026-07-31,24.9977,6.5,5,ko,KR,Drama; Action & Adventure; Mystery; Crime,Mystery
294095,tv,A Bona Fide Killer,2026-07-31,24.9977,6.5,5,ko,KR,Drama; Action & Adventure; Mystery; Crime,Crime
1487861,movie,Elize: Shadows of a Woman,2026-07-22,24.9041,7.4,181,pt,,Thriller; Crime; Drama,Thriller
1487861,movie,Elize: Shadows of a Woman,2026-07-22,24.9041,7.4,181,pt,,Thriller; Crime; Drama,Crime
1487861,movie,Elize: Shadows of a Woman,2026-07-22,24.9041,7.4,181,pt,,Thriller; Crime; Drama,Drama
239830,tv,Connecting to You,2026-08-14,24.8724,9.0,1,zh,TW,Comedy; Drama; Sci-Fi & Fantasy,Comedy
239830,tv,Connecting to You,2026-08-14,24.8724,9.0,1,zh,TW,Comedy; Drama; Sci-Fi & Fantasy,Drama
239830,tv,Connecting to You,2026-08-14,24.8724,9.0,1,zh,TW,Comedy; Drama; Sci-Fi & Fantasy,Sci-Fi & Fantasy
1363387,movie,Saccharine,2026-05-22,24.8347,6.774,135,en,,Horror,Horror
312266,tv,Hanaori-san Still Wants to Fight in the Next Life,2026-07-12,24.6347,7.4,7,ja,JP,Animation; Comedy; Sci-Fi & Fantasy,Animation
312266,tv,Hanaori-san Still Wants to Fight in the Next Life,2026-07-12,24.6347,7.4,7,ja,JP,Animation; Comedy; Sci-Fi & Fantasy,Comedy
312266,tv,Hanaori-san Still Wants to Fight in the Next Life,2026-07-12,24.6347,7.4,7,ja,JP,Animation; Comedy; Sci-Fi & Fantasy,Sci-Fi & Fantasy
1240889,movie,Teenage Sex and Death at Camp Miasma,2026-08-06,24.5546,6.9,36,en,,Comedy; Horror; Romance,Comedy
1240889,movie,Teenage Sex and Death at Camp Miasma,2026-08-06,24.5546,6.9,36,en,,Comedy; Horror; Romance,Horror
1240889,movie,Teenage Sex and Death at Camp Miasma,2026-08-06,24.5546,6.9,36,en,,Comedy; Horror; Romance,Romance
279471,tv,Malcolm in the Middle: Life's Still Unfair,2026-04-10,24.4913,8.02,393,en,US,Comedy; Drama,Comedy
279471,tv,Malcolm in the Middle: Life's Still Unfair,2026-04-10,24.4913,8.02,393,en,US,Comedy; Drama,Drama
1740877,movie,Storm on Sesame Street,2026-08-03,24.4845,6.75,6,en,,Family; Animation,Family
1740877,movie,Storm on Sesame Street,2026-08-03,24.4845,6.75,6,en,,Family; Animation,Animation
1712439,movie,Behind the Screens,2026-07-23,24.4817,5.5,2,th,,Drama; Thriller,Drama
1712439,movie,Behind the Screens,2026-07-23,24.4817,5.5,2,th,,Drama; Thriller,Thriller
316540,tv,Bittersweet Love,2026-07-03,24.3787,8.4,8,zh,CN,Drama,Drama
1541560,movie,Stop! That! Train!,2026-06-12,24.304,5.198,43,en,,Action; Comedy,Action
1541560,movie,Stop! That! Train!,2026-06-12,24.304,5.198,43,en,,Action; Comedy,Comedy
1288341,movie,Seven Snipers,2026-04-30,24.2477,6.096,120,en,,Action; Thriller,Action
1288341,movie,Seven Snipers,2026-04-30,24.2477,6.096,120,en,,Action; Thriller,Thriller
300480,tv,Ricky Gervais Alley Cats,2026-08-07,24.15,7.6,35,en,GB,Animation; Comedy,Animation
300480,tv,Ricky Gervais Alley Cats,2026-08-07,24.15,7.6,35,en,GB,Animation; Comedy,Comedy
331650,tv,Umthetho,2026-08-14,24.095,5.0,5,zu,ZA,Crime; Drama,Crime
331650,tv,Umthetho,2026-08-14,24.095,5.0,5,zu,ZA,Crime; Drama,Drama
1650558,movie,Abot Langit,2026-03-13,23.9952,5.0,1,tl,,Romance,Romance
286506,tv,Blossoms of Power,2026-07-09,23.8834,8.5,6,zh,CN,Drama,Drama
302074,tv,R.J. Decker,2026-03-03,23.7547,7.6,48,en,US,Drama; Comedy; Crime; Mystery,Drama
302074,tv,R.J. Decker,2026-03-03,23.7547,7.6,48,en,US,Drama; Comedy; Crime; Mystery,Comedy
302074,tv,R.J. Decker,2026-03-03,23.7547,7.6,48,en,US,Drama; Comedy; Crime; Mystery,Crime
302074,tv,R.J. Decker,2026-03-03,23.7547,7.6,48,en,US,Drama; Comedy; Crime; Mystery,Mystery
329274,tv,MOURINHO,2026-08-11,23.7028,7.833,15,en,US,Documentary,Documentary
1430077,movie,Hokum,2026-04-29,23.6256,6.909,760,en,,Horror,Horror
299188,tv,Jogada de Risco,2026-07-23,23.5519,6.0,1,pt,BR,Drama,Drama
1632181,movie,Accidental Partners,2026-03-12,23.5183,8.88,359,es,,Comedy; Romance,Comedy
1632181,movie,Accidental Partners,2026-03-12,23.5183,8.88,359,es,,Comedy; Romance,Romance
260592,tv,Every Year After,2026-06-10,23.4701,8.319,91,en,US,Drama,Drama
224263,tv,Stranger Things: Tales from '85,2026-04-23,23.4047,7.5,99,en,US,Animation; Sci-Fi & Fantasy; Mystery; Action & Adventure,Animation
224263,tv,Stranger Things: Tales from '85,2026-04-23,23.4047,7.5,99,en,US,Animation; Sci-Fi & Fantasy; Mystery; Action & Adventure,Sci-Fi & Fantasy
224263,tv,Stranger Things: Tales from '85,2026-04-23,23.4047,7.5,99,en,US,Animation; Sci-Fi & Fantasy; Mystery; Action & Adventure,Mystery
224263,tv,Stranger Things: Tales from '85,2026-04-23,23.4047,7.5,99,en,US,Animation; Sci-Fi & Fantasy; Mystery; Action & Adventure,Action & Adventure
274622,tv,"Go for It, Nakamura-kun!!",2026-04-02,23.1014,9.301,78,ja,JP,Animation; Comedy,Animation
274622,tv,"Go for It, Nakamura-kun!!",2026-04-02,23.1014,9.301,78,ja,JP,Animation; Comedy,Comedy
259837,tv,The WONDERfools,2026-05-15,23.0508,8.881,248,ko,KR,Action & Adventure; Comedy; Sci-Fi & Fantasy; Drama,Action & Adventure
259837,tv,The WONDERfools,2026-05-15,23.0508,8.881,248,ko,KR,Action & Adventure; Comedy; Sci-Fi & Fantasy; Drama,Comedy
259837,tv,The WONDERfools,2026-05-15,23.0508,8.881,248,ko,KR,Action & Adventure; Comedy; Sci-Fi & Fantasy; Drama,Sci-Fi & Fantasy
259837,tv,The WONDERfools,2026-05-15,23.0508,8.881,248,ko,KR,Action & Adventure; Comedy; Sci-Fi & Fantasy; Drama,Drama
305830,tv,"Someone, Someday",2026-07-27,23.0287,0.5,1,tl,PH,Mystery; Drama,Mystery
305830,tv,"Someone, Someday",2026-07-27,23.0287,0.5,1,tl,PH,Mystery; Drama,Drama
313582,tv,Paradys,2026-02-23,22.9611,0.0,0,af,ZA,Soap,Soap
297438,tv,Akane-banashi,2026-04-04,22.7941,7.981,27,ja,JP,Animation; Drama,Animation
297438,tv,Akane-banashi,2026-04-04,22.7941,7.981,27,ja,JP,Animation; Drama,Drama
300126,tv,LIAR GAME,2026-04-07,22.4131,7.063,16,ja,JP,Animation; Drama,Animation
300126,tv,LIAR GAME,2026-04-07,22.4131,7.063,16,ja,JP,Animation; Drama,Drama
280564,tv,False Memory,2026-08-02,21.6392,7.5,1,zh,CN,Animation; Action & Adventure,Animation
280564,tv,False Memory,2026-08-02,21.6392,7.5,1,zh,CN,Animation; Action & Adventure,Action & Adventure
316470,tv,Valentina Valiente,2026-03-04,21.0638,8.727,11,es,PE,Soap; Drama; Family,Soap
316470,tv,Valentina Valiente,2026-03-04,21.0638,8.727,11,es,PE,Soap; Drama; Family,Drama
316470,tv,Valentina Valiente,2026-03-04,21.0638,8.727,11,es,PE,Soap; Drama; Family,Family
243206,tv,Pritam and Pedro,2026-07-03,21.0265,8.4,14,hi,IN,Crime; Drama; Mystery; Comedy,Crime
243206,tv,Pritam and Pedro,2026-07-03,21.0265,8.4,14,hi,IN,Crime; Drama; Mystery; Comedy,Drama
243206,tv,Pritam and Pedro,2026-07-03,21.0265,8.4,14,hi,IN,Crime; Drama; Mystery; Comedy,Mystery
243206,tv,Pritam and Pedro,2026-07-03,21.0265,8.4,14,hi,IN,Crime; Drama; Mystery; Comedy,Comedy
295071,tv,"Goodbye, Lara",2026-07-06,20.7976,8.6,8,ja,JP,Animation; Drama; Sci-Fi & Fantasy,Animation
295071,tv,"Goodbye, Lara",2026-07-06,20.7976,8.6,8,ja,JP,Animation; Drama; Sci-Fi & Fantasy,Drama
295071,tv,"Goodbye, Lara",2026-07-06,20.7976,8.6,8,ja,JP,Animation; Drama; Sci-Fi & Fantasy,Sci-Fi & Fantasy
289560,tv,CIA,2026-02-23,20.6414,8.605,119,en,US,Crime; Drama,Crime
289560,tv,CIA,2026-02-23,20.6414,8.605,119,en,US,Crime; Drama,Drama
